{"child_paths": {"forward_kernel.ttir": "C:\\Users\\Admin\\.triton\\cache\\55dec8b01246d101382f1c4711da5bb986e8d4b11c1e43619692f567c8fe02d2\\forward_kernel.ttir", "forward_kernel.ttgir": "C:\\Users\\Admin\\.triton\\cache\\55dec8b01246d101382f1c4711da5bb986e8d4b11c1e43619692f567c8fe02d2\\forward_kernel.ttgir", "forward_kernel.llir": "C:\\Users\\Admin\\.triton\\cache\\55dec8b01246d101382f1c4711da5bb986e8d4b11c1e43619692f567c8fe02d2\\forward_kernel.llir", "forward_kernel.ptx": "C:\\Users\\Admin\\.triton\\cache\\55dec8b01246d101382f1c4711da5bb986e8d4b11c1e43619692f567c8fe02d2\\forward_kernel.ptx", "forward_kernel.cubin": "C:\\Users\\Admin\\.triton\\cache\\55dec8b01246d101382f1c4711da5bb986e8d4b11c1e43619692f567c8fe02d2\\forward_kernel.cubin", "forward_kernel.json": "C:\\Users\\Admin\\.triton\\cache\\55dec8b01246d101382f1c4711da5bb986e8d4b11c1e43619692f567c8fe02d2\\forward_kernel.json"}}