{"child_paths": {"score_kernel.ttir": "C:\\Users\\Admin\\.triton\\cache\\708d66073438833fec08ffcafdcd441ffdf55dca03721d6938dd97ca2f37457a\\score_kernel.ttir", "score_kernel.ttgir": "C:\\Users\\Admin\\.triton\\cache\\708d66073438833fec08ffcafdcd441ffdf55dca03721d6938dd97ca2f37457a\\score_kernel.ttgir", "score_kernel.llir": "C:\\Users\\Admin\\.triton\\cache\\708d66073438833fec08ffcafdcd441ffdf55dca03721d6938dd97ca2f37457a\\score_kernel.llir", "score_kernel.ptx": "C:\\Users\\Admin\\.triton\\cache\\708d66073438833fec08ffcafdcd441ffdf55dca03721d6938dd97ca2f37457a\\score_kernel.ptx", "score_kernel.cubin": "C:\\Users\\Admin\\.triton\\cache\\708d66073438833fec08ffcafdcd441ffdf55dca03721d6938dd97ca2f37457a\\score_kernel.cubin", "score_kernel.json": "C:\\Users\\Admin\\.triton\\cache\\708d66073438833fec08ffcafdcd441ffdf55dca03721d6938dd97ca2f37457a\\score_kernel.json"}}