{"hash": "708d66073438833fec08ffcafdcd441ffdf55dca03721d6938dd97ca2f37457a", "target": {"backend": "cuda", "arch": 89, "warp_size": 32}, "num_warps": 4, "num_ctas": 1, "num_stages": 3, "maxnreg": null, "cluster_dims": [1, 1, 1], "ptx_version": null, "enable_fp_fusion": true, "allow_fp8e4nv": true, "allow_fp8e4b15": true, "default_dot_input_precision": "tf32", "allowed_dot_input_precisions": ["tf32", "tf32x3", "ieee"], "max_num_imprecise_acc_default": 0, "extern_libs": [["libdevice", "C:\\Users\\Admin\\Documents\\TRELLIS_venv\\Lib\\site-packages\\triton\\backends\\nvidia\\lib\\libdevice.10.bc"]], "debug": null, "backend_name": "cuda", "shared": 66048, "name": "score_kernel"}