{"child_paths": {"score_kernel.ttir": "C:\\Users\\Admin\\.triton\\cache\\90201753544a94511f7f490832f4cb2a03374d17666fac8d878ace95435dc383\\score_kernel.ttir", "score_kernel.ttgir": "C:\\Users\\Admin\\.triton\\cache\\90201753544a94511f7f490832f4cb2a03374d17666fac8d878ace95435dc383\\score_kernel.ttgir", "score_kernel.llir": "C:\\Users\\Admin\\.triton\\cache\\90201753544a94511f7f490832f4cb2a03374d17666fac8d878ace95435dc383\\score_kernel.llir", "score_kernel.ptx": "C:\\Users\\Admin\\.triton\\cache\\90201753544a94511f7f490832f4cb2a03374d17666fac8d878ace95435dc383\\score_kernel.ptx", "score_kernel.cubin": "C:\\Users\\Admin\\.triton\\cache\\90201753544a94511f7f490832f4cb2a03374d17666fac8d878ace95435dc383\\score_kernel.cubin", "score_kernel.json": "C:\\Users\\Admin\\.triton\\cache\\90201753544a94511f7f490832f4cb2a03374d17666fac8d878ace95435dc383\\score_kernel.json"}}