{"child_paths": {"forward_kernel.ttir": "C:\\Users\\Admin\\.triton\\cache\\9d8fa32c701f87742eef761163c8dc4131ad1b0838e41071c304709f7830aa41\\forward_kernel.ttir", "forward_kernel.ttgir": "C:\\Users\\Admin\\.triton\\cache\\9d8fa32c701f87742eef761163c8dc4131ad1b0838e41071c304709f7830aa41\\forward_kernel.ttgir", "forward_kernel.llir": "C:\\Users\\Admin\\.triton\\cache\\9d8fa32c701f87742eef761163c8dc4131ad1b0838e41071c304709f7830aa41\\forward_kernel.llir", "forward_kernel.ptx": "C:\\Users\\Admin\\.triton\\cache\\9d8fa32c701f87742eef761163c8dc4131ad1b0838e41071c304709f7830aa41\\forward_kernel.ptx", "forward_kernel.cubin": "C:\\Users\\Admin\\.triton\\cache\\9d8fa32c701f87742eef761163c8dc4131ad1b0838e41071c304709f7830aa41\\forward_kernel.cubin", "forward_kernel.json": "C:\\Users\\Admin\\.triton\\cache\\9d8fa32c701f87742eef761163c8dc4131ad1b0838e41071c304709f7830aa41\\forward_kernel.json"}}