{"child_paths": {"forward_kernel.ttir": "C:\\Users\\Admin\\.triton\\cache\\22c1a07ace856d670e34153a1f2f46b1d16526ad3708856d64b05f440f834e1b\\forward_kernel.ttir", "forward_kernel.ttgir": "C:\\Users\\Admin\\.triton\\cache\\22c1a07ace856d670e34153a1f2f46b1d16526ad3708856d64b05f440f834e1b\\forward_kernel.ttgir", "forward_kernel.llir": "C:\\Users\\Admin\\.triton\\cache\\22c1a07ace856d670e34153a1f2f46b1d16526ad3708856d64b05f440f834e1b\\forward_kernel.llir", "forward_kernel.ptx": "C:\\Users\\Admin\\.triton\\cache\\22c1a07ace856d670e34153a1f2f46b1d16526ad3708856d64b05f440f834e1b\\forward_kernel.ptx", "forward_kernel.cubin": "C:\\Users\\Admin\\.triton\\cache\\22c1a07ace856d670e34153a1f2f46b1d16526ad3708856d64b05f440f834e1b\\forward_kernel.cubin", "forward_kernel.json": "C:\\Users\\Admin\\.triton\\cache\\22c1a07ace856d670e34153a1f2f46b1d16526ad3708856d64b05f440f834e1b\\forward_kernel.json"}}